,mean,std,min,max,median,skewness,kurtosis,entropy,count_1,count_0,proportion_1,mode
Age,34.870370370370374,12.621071679094193,13.0,70.0,35.0,0.44043321552879416,-0.582028691699032,2.031804978052052,,,,
Gender,,,,,,,,0.6821327446122378,62.0,46.0,0.5740740740740741,1.0
Smoker,,,,,,,,0.6076934238709566,32.0,76.0,0.2962962962962963,0.0
Lives,,,,,,,,0.6847215697636202,61.0,47.0,0.5648148148148148,1.0
Healthy,,,,,,,,0.49260365753958385,87.0,21.0,0.8055555555555556,1.0
